Date-Time,Open,High,Low,Close,Volume,Ticker_Symbol
2023-06-12,40.92,40.99,40.66,40.88,1348147,HRL
2023-06-09,40.58,40.97,40.52,40.87,1638436,HRL
2023-06-08,40.33,40.75,40.06,40.63,2139985,HRL
2023-06-07,39.985,40.4108,39.445,40.37,2381569,HRL
2023-06-06,40.67,41.07,39.84,40.43,4054408,HRL
2023-06-05,40.79,41.19,40.46,40.56,2039734,HRL
2023-06-02,40.27,40.79,40.19,40.77,3692399,HRL
2023-06-01,40.15,41.19,39.9,40.2,5360577,HRL
2023-05-31,38.52,38.69,38.04,38.25,6680992,HRL
2023-05-30,38.18,38.54,38.05,38.33,3640558,HRL
2023-05-26,38.16,38.51,37.98,38.47,2503612,HRL
2023-05-25,38.62,38.8598,38.19,38.24,2550247,HRL
2023-05-24,39.14,39.25,38.88,38.89,2213882,HRL
2023-05-23,39.05,39.21,38.55,39.1,2941915,HRL
2023-05-22,39.3,39.36,38.725,38.89,2013212,HRL
2023-05-19,39.34,39.545,39.18,39.34,2185261,HRL
2023-05-18,39.14,39.33,38.95,39.27,1910901,HRL
2023-05-17,39.02,39.36,38.64,39.35,1579630,HRL
2023-05-16,39.44,39.45,38.69,39.03,2230928,HRL
2023-05-15,40.31,40.36,39.57,39.62,1695545,HRL
2023-05-12,40.21,40.415,40.09,40.24,1331388,HRL
2023-05-11,40.2,40.31,39.79,40.29,1698175,HRL
2023-05-10,40.14,40.44,39.985,40.13,1483751,HRL
2023-05-09,40.51,40.745,40.13,40.16,2032132,HRL
2023-05-08,40.88,41.015,40.485,40.64,2015594,HRL
2023-05-05,40.935,41.285,40.86,41.2,1787299,HRL
2023-05-04,40.72,40.94,40.48,40.91,1639802,HRL
2023-05-03,40.4,40.94,40.33,40.63,2240699,HRL
2023-05-02,40.57,40.65,40.01,40.21,1668283,HRL
2023-05-01,40.55,40.8057,40.47,40.63,2115309,HRL
2023-04-28,40.5,40.67,40.28,40.44,3939285,HRL
2023-04-27,39.82,40.44,39.76,40.41,1796419,HRL
2023-04-26,39.75,40.05,39.63,39.84,1476576,HRL
2023-04-25,39.66,40.15,39.66,40.02,1321782,HRL
2023-04-24,39.9,40.0,39.55,39.7,1243140,HRL
2023-04-21,40.15,40.26,39.62,39.85,1281748,HRL
2023-04-20,39.89,39.985,39.715,39.9,1953586,HRL
2023-04-19,40.0,40.05,39.56,39.83,1378670,HRL
2023-04-18,39.67,39.83,39.425,39.75,1268652,HRL
2023-04-17,39.5,39.83,39.38,39.82,1785884,HRL
2023-04-14,39.9,39.95,39.095,39.26,1864731,HRL
2023-04-13,40.11,40.28,39.75,40.15,2144307,HRL
2023-04-12,40.21,40.52,40.08,40.22,2616535,HRL
2023-06-12,395.98,398.685,395.3,398.66,3797245,VOO
2023-06-09,395.05,396.93,394.08,395.03,3062868,VOO
2023-06-08,391.96,394.73,391.29,394.37,3460351,VOO
2023-06-07,393.67,394.76,391.54,392.02,3942893,VOO
2023-06-06,392.05,393.79,391.41,393.31,2894663,VOO
2023-06-05,393.54,394.77,391.79,392.5,3481154,VOO
2023-06-02,390.08,393.96,389.54,393.26,7368902,VOO
2023-06-01,384.2,388.57,382.97,387.57,3563555,VOO
2023-05-31,384.31,385.16,382.42,383.89,4164677,VOO
2023-05-30,387.76,388.26,384.76,385.99,3968451,VOO
2023-05-26,381.64,386.57,381.535,385.87,3042792,VOO
2023-05-25,380.99,382.28,378.92,380.92,3315872,VOO
2023-05-24,378.91,379.25,376.57,377.63,3611592,VOO
2023-05-23,383.19,384.11,380.08,380.48,2887264,VOO
2023-05-22,384.66,386.23,383.47,384.78,2784012,VOO
2023-05-19,386.02,386.54,383.44,384.57,3649043,VOO
2023-05-18,381.26,385.57,381.0,385.18,3340620,VOO
2023-05-17,378.85,382.09,377.28,381.45,3222645,VOO
2023-05-16,378.39,379.28,376.91,376.95,2277616,VOO
2023-05-15,378.74,379.84,376.91,379.46,3882561,VOO
2023-05-12,379.85,380.01,375.835,378.15,2531015,VOO
2023-05-11,378.47,378.88,376.67,378.66,2676622,VOO
2023-05-10,380.28,380.83,375.64,379.19,3512947,VOO
2023-05-09,377.71,378.58,377.33,377.54,2271049,VOO
2023-05-08,379.41,379.62,377.88,379.18,2957618,VOO
2023-05-05,375.74,380.09,375.43,378.97,3139394,VOO
2023-05-04,373.84,374.11,370.92,372.14,4421484,VOO
2023-05-03,377.91,380.2,374.6,374.88,5513039,VOO
2023-05-02,381.06,381.11,374.67,377.51,4311590,VOO
2023-05-01,381.73,383.64,381.52,381.79,3069297,VOO
2023-04-28,378.04,382.12,378.0,382.05,3386907,VOO
2023-04-27,373.89,379.13,373.67,378.81,4302377,VOO
2023-04-26,373.66,374.68,370.98,371.44,3743370,VOO
2023-04-25,377.18,377.7,373.02,373.1,3795428,VOO
2023-04-24,378.48,379.47,377.23,379.09,2310373,VOO
2023-04-21,378.68,379.1,376.82,378.59,2762306,VOO
2023-04-20,377.78,380.07,376.94,378.37,2953173,VOO
2023-04-19,378.73,381.33,378.67,380.52,2671311,VOO
2023-04-18,381.84,381.915,379.24,380.54,3019268,VOO
2023-04-17,378.84,380.32,377.68,380.28,2705286,VOO
2023-04-14,379.27,381.33,376.72,378.99,2981653,VOO
2023-04-13,375.91,380.17,375.4448,379.77,2680870,VOO
2023-04-12,378.4,378.62,374.32,374.91,3624173,VOO
2023-06-12,72.62,73.57,72.08,73.17,2772787,ADM
2023-06-09,72.15,73.16,71.79,72.54,2281185,ADM
2023-06-08,73.36,73.36,71.17,72.2,2701603,ADM
2023-06-07,72.22,74.15,71.64,73.36,3023885,ADM
2023-06-06,71.01,72.5,71.01,72.39,1905650,ADM
2023-06-05,72.19,72.19,71.24,71.27,1907100,ADM
2023-06-02,71.26,72.04,70.93,71.97,2311297,ADM
2023-06-01,70.97,71.04,69.92,70.55,2613159,ADM
2023-05-31,70.95,71.3828,70.3384,70.65,5599700,ADM
2023-05-30,72.22,72.48,70.96,71.43,3055626,ADM
2023-05-26,73.88,74.22,72.45,72.73,2858609,ADM
2023-05-25,72.2,74.29,71.93,73.72,3812410,ADM
2023-05-24,75.1,75.21,72.805,72.85,2381926,ADM
2023-05-23,73.5,75.515,73.33,75.05,3076027,ADM
2023-05-22,73.69,73.8856,72.84,73.44,2975404,ADM
2023-05-19,73.19,73.505,72.545,73.23,2732195,ADM
2023-05-18,72.72,72.85,71.745,72.79,3053483,ADM
2023-05-17,73.4,73.54,72.39,73.05,2718992,ADM
2023-05-16,75.25,75.46,73.13,73.15,2659466,ADM
2023-05-15,75.68,76.23,75.39,76.06,2630468,ADM
2023-05-12,74.99,75.5,74.6585,75.38,1913394,ADM
2023-05-11,74.26,75.345,74.08,74.9,2640497,ADM
2023-05-10,75.23,75.62,74.405,74.64,3108159,ADM
2023-05-09,75.0,75.4,74.29,75.02,2464161,ADM
2023-05-08,76.28,76.53,75.25,75.4,2272842,ADM
2023-05-05,74.84,76.17,74.73,75.96,2507927,ADM
2023-05-04,74.78,75.47,73.76,74.22,3434901,ADM
2023-05-03,75.82,76.38,74.93,75.02,2590068,ADM
2023-05-02,77.09,77.09,74.97,75.52,3479628,ADM
2023-05-01,78.24,78.66,77.58,77.8,1872505,ADM
2023-04-28,77.56,78.18,77.3,78.08,3474652,ADM
2023-04-27,76.7,78.589,76.585,78.01,3294076,ADM
2023-04-26,75.82,77.69,75.27,77.03,3396702,ADM
2023-04-25,78.5,79.05,75.62,75.9,5777568,ADM
2023-04-24,80.81,81.47,80.485,80.8,2502094,ADM
2023-04-21,81.48,81.52,80.47,80.5,2160059,ADM
2023-04-20,81.36,81.71,80.63,81.0,1932330,ADM
2023-04-19,82.86,82.95,81.405,81.95,2168249,ADM
2023-04-18,82.03,82.7,81.99,82.55,1807095,ADM
2023-04-17,81.99,82.29,81.63,82.2,1654760,ADM
2023-04-14,81.9,82.85,81.58,81.79,2548907,ADM
2023-04-13,80.92,81.59,80.35,81.22,2154793,ADM
2023-04-12,81.39,81.8,80.99,81.11,2432018,ADM
2023-06-12,122.96,124.8736,121.62,124.72,562020,AGCO
2023-06-09,122.66,123.24,121.36,122.83,484776,AGCO
2023-06-08,122.78,123.305,121.57,122.77,407856,AGCO
2023-06-07,121.02,123.505,119.62,122.9,814577,AGCO
2023-06-06,115.81,121.13,115.81,120.63,639079,AGCO
2023-06-05,118.88,119.65,115.78,116.73,415200,AGCO
2023-06-02,113.71,119.9,111.96,119.4,904557,AGCO
2023-06-01,111.05,113.04,109.81,111.61,1100705,AGCO
2023-05-31,111.5,112.69,110.23,110.28,513414,AGCO
2023-05-30,114.1,114.65,111.35,112.73,627485,AGCO
2023-05-26,114.39,115.1725,113.25,114.36,492818,AGCO
2023-05-25,111.5,113.8,110.19,113.6,668282,AGCO
2023-05-24,114.77,115.68,111.5,112.15,683430,AGCO
2023-05-23,114.0,117.32,112.64,116.09,740880,AGCO
2023-05-22,114.18,115.88,113.0,114.77,913044,AGCO
2023-05-19,120.18,121.15,113.6201,114.33,1120358,AGCO
2023-05-18,116.85,117.0,113.785,116.19,1144956,AGCO
2023-05-17,121.06,123.45,119.88,121.95,744908,AGCO
2023-05-16,122.31,122.61,119.16,119.79,526821,AGCO
2023-05-15,122.48,125.13,121.77,123.56,559182,AGCO
2023-05-12,124.2,124.96,121.79,122.51,475921,AGCO
2023-05-11,125.28,125.46,122.88,123.52,652364,AGCO
2023-05-10,128.8,129.0,124.96,127.03,542534,AGCO
2023-05-09,125.8,127.62,125.56,127.29,404553,AGCO
2023-05-08,128.68,130.19,126.05,126.96,580444,AGCO
2023-05-05,123.63,127.4804,123.36,127.02,677857,AGCO
2023-05-04,127.06,127.5682,121.62,122.19,694472,AGCO
2023-05-03,130.43,131.9,127.34,127.51,1070840,AGCO
2023-05-02,132.92,133.98,121.745,127.95,1194270,AGCO
2023-05-01,124.45,125.595,123.77,124.63,582051,AGCO
2023-04-28,122.44,124.025,121.96,123.94,469009,AGCO
2023-04-27,121.9,124.0,120.06,122.99,625830,AGCO
2023-04-26,121.68,123.99,121.6,122.52,616233,AGCO
2023-04-25,124.17,124.4,122.09,122.97,362517,AGCO
2023-04-24,124.44,126.0,124.44,125.33,352352,AGCO
2023-04-21,125.61,125.61,123.48,124.41,518386,AGCO
2023-04-20,125.45,126.665,124.77,126.05,382780,AGCO
2023-04-19,127.86,127.86,125.26,126.69,306000,AGCO
2023-04-18,128.31,129.73,127.58,128.26,333556,AGCO
2023-04-17,126.48,127.61,125.505,126.76,355062,AGCO
2023-04-14,125.82,127.36,124.7501,125.87,258759,AGCO
2023-04-13,125.57,126.16,122.55,125.29,427308,AGCO
2023-04-12,124.76,125.5341,123.821,124.78,569134,AGCO
2023-06-12,339.74,341.3,339.23,341.17,2044604,DIA
2023-06-09,338.57,340.26,338.32,339.27,3164958,DIA
2023-06-08,337.23,339.26,336.75,338.81,2703939,DIA
2023-06-07,336.54,337.52,335.93,337.17,2739025,DIA
2023-06-06,336.03,336.74,334.47,336.17,2824865,DIA
2023-06-05,338.21,338.48,335.96,336.13,3415632,DIA
2023-06-02,333.24,338.5,333.11,338.07,5584697,DIA
2023-06-01,328.91,331.98,327.32,330.94,3081261,DIA
2023-05-31,329.45,330.17,327.7,329.52,3009484,DIA
2023-05-30,330.65,331.315,328.92,330.52,3474510,DIA
2023-05-26,328.13,331.62,327.92,330.84,3580042,DIA
2023-05-25,328.07,328.725,325.82,327.75,3499937,DIA
2023-05-24,330.0,330.24,327.48,328.01,2978319,DIA
2023-05-23,331.76,333.1,330.08,330.61,2526195,DIA
2023-05-22,334.12,335.145,332.02,332.9,2555074,DIA
2023-05-19,335.96,336.45,333.22,334.19,3706728,DIA
2023-05-18,333.9,336.4399,332.75,336.06,3553511,DIA
2023-05-17,332.14,335.17,330.89,334.61,3068819,DIA
2023-05-16,332.71,333.07,330.28,330.35,2269518,DIA
2023-05-15,333.51,334.26,331.86,333.77,2170988,DIA
2023-05-12,334.42,334.45,331.31,333.2,2636361,DIA
2023-05-11,333.74,333.87,331.47,333.33,2744652,DIA
2023-05-10,337.4,337.85,332.49,335.49,3365513,DIA
2023-05-09,335.41,336.6785,335.15,335.77,1924858,DIA
2023-05-08,337.17,337.39,335.09,336.22,1789925,DIA
2023-05-05,334.26,337.5,333.94,336.73,3542727,DIA
2023-05-04,333.28,333.59,329.37,331.33,3576752,DIA
2023-05-03,337.13,338.18,333.93,334.11,3924108,DIA
2023-05-02,339.94,340.0,334.31,336.87,3275791,DIA
2023-05-01,341.1,342.59,340.26,340.36,2296207,DIA
2023-04-28,337.19,341.04,337.13,341.03,3651116,DIA
2023-04-27,334.18,338.58,333.83,338.2,3066618,DIA
2023-04-26,335.6,336.46,332.31,332.95,3546915,DIA
2023-04-25,338.17,338.68,335.2,335.33,2745284,DIA
2023-04-24,337.91,338.91,337.21,338.75,2288791,DIA
2023-04-21,338.26,338.58,336.81,338.11,2470056,DIA
2023-04-20,337.43,338.85,336.85,337.95,2179345,DIA
2023-04-19,339.11,339.63,338.19,338.99,2854701,DIA
2023-04-18,339.94,340.2224,337.9,339.8,2191052,DIA
2023-04-17,339.12,339.93,337.99,339.92,2206172,DIA
2023-04-14,339.94,340.85,337.31,338.84,3107859,DIA
2023-04-13,337.07,340.58,336.07,340.37,3040854,DIA
2023-04-12,338.61,339.01,335.96,336.61,3363762,DIA
2023-06-12,182.49,182.73,180.69,181.9,4207398,PEP
2023-06-09,181.71,182.83,181.0,182.35,3200319,PEP
2023-06-08,179.7,182.3,179.33,182.1,4036711,PEP
2023-06-07,180.71,181.74,179.7,180.11,5162657,PEP
2023-06-06,184.98,185.12,180.43,181.56,3975572,PEP
2023-06-05,183.85,186.17,183.61,184.19,4311675,PEP
2023-06-02,182.02,184.29,181.7,184.06,4288433,PEP
2023-06-01,182.42,182.69,180.8,182.19,5277433,PEP
2023-05-31,182.86,184.62,181.46,182.35,19931685,PEP
2023-05-30,182.055,183.09,180.7,181.61,4331831,PEP
2023-05-26,183.71,184.25,182.395,183.58,4449346,PEP
2023-05-25,182.7,184.22,181.95,183.8,4712884,PEP
2023-05-24,186.27,186.74,184.37,184.89,3721022,PEP
2023-05-23,186.49,186.63,184.59,186.07,6382250,PEP
2023-05-22,191.19,191.39,186.41,186.64,5786972,PEP
2023-05-19,192.46,192.86,191.1,191.84,3883181,PEP
2023-05-18,191.32,191.71,190.41,191.56,3709407,PEP
2023-05-17,193.31,193.585,190.84,192.06,4878900,PEP
2023-05-16,194.48,194.48,192.54,193.43,5803757,PEP
2023-05-15,196.57,196.88,194.0,194.27,2946589,PEP
2023-05-12,195.34,196.22,194.95,196.12,2740969,PEP
2023-05-11,194.28,195.52,192.9975,195.34,3690431,PEP
2023-05-10,194.11,195.58,192.6749,194.27,4352899,PEP
2023-05-09,193.86,194.67,192.71,194.14,3087644,PEP
2023-05-08,193.4,194.0,192.65,193.35,2249855,PEP
2023-05-05,192.82,194.48,192.39,194.27,4146515,PEP
2023-05-04,193.08,193.95,192.155,193.38,4267611,PEP
2023-05-03,192.58,193.25,191.78,192.18,3389644,PEP
2023-05-02,191.36,192.5,189.75,192.25,3712247,PEP
2023-05-01,190.45,192.325,190.28,191.68,3137839,PEP
2023-04-28,189.9,191.62,189.64,190.89,4608944,PEP
2023-04-27,188.18,189.95,187.51,189.69,4574524,PEP
2023-04-26,188.48,189.42,187.87,188.54,4424409,PEP
2023-04-25,186.56,190.18,186.24,189.71,6231626,PEP
2023-04-24,186.5,186.57,185.02,185.5,3540199,PEP
2023-04-21,185.99,186.38,185.13,185.41,3781932,PEP
2023-04-20,184.84,186.035,184.2,185.33,3868174,PEP
2023-04-19,185.2401,185.32,184.255,184.72,2209904,PEP
2023-04-18,184.77,185.2199,183.74,184.83,2438554,PEP
2023-04-17,184.19,184.75,183.4808,184.45,3203941,PEP
2023-04-14,183.335,184.02,182.9201,183.51,2573142,PEP
2023-04-13,182.62,184.61,182.105,184.38,4303630,PEP
2023-04-12,182.69,183.78,182.25,182.56,3620885,PEP
2023-06-12,75.47,76.065,75.0,75.77,930808,QSR
2023-06-09,74.64,75.535,74.465,75.16,1134955,QSR
2023-06-08,72.71,74.64,72.05,74.48,1412433,QSR
2023-06-07,74.84,75.2,72.72,72.98,1530648,QSR
2023-06-06,75.58,75.65,74.51,74.98,845490,QSR
2023-06-05,76.18,76.21,75.2,75.27,854223,QSR
2023-06-02,75.4,76.625,75.23,76.38,1180578,QSR
2023-06-01,72.67,75.39,72.67,75.3,1506721,QSR
2023-05-31,72.37,73.41,71.41,72.91,1442850,QSR
2023-05-30,72.7,73.39,71.47,72.42,1509150,QSR
2023-05-26,72.91,73.75,72.56,73.22,864449,QSR
2023-05-25,71.85,72.68,71.44,72.43,853146,QSR
2023-05-24,71.55,72.23,71.11,71.8,1165380,QSR
2023-05-23,72.48,72.82,71.57,71.92,1165943,QSR
2023-05-22,73.32,73.45,72.72,73.04,664092,QSR
2023-05-19,73.39,73.66,72.885,73.26,827409,QSR
2023-05-18,72.77,73.44,72.343,73.36,719025,QSR
2023-05-17,73.46,73.54,72.16,72.97,873941,QSR
2023-05-16,73.02,73.59,72.38,73.2,783172,QSR
2023-05-15,72.79,73.325,72.62,73.06,676149,QSR
2023-05-12,72.8,73.45,72.37,72.88,792879,QSR
2023-05-11,72.84,73.45,72.52,72.84,697243,QSR
2023-05-10,73.37,74.2,72.46,73.0,815650,QSR
2023-05-09,72.27,73.47,72.1925,73.37,1059162,QSR
2023-05-08,71.595,72.789,71.45,72.48,946422,QSR
2023-05-05,70.91,71.76,70.26,71.58,1081650,QSR
2023-05-04,71.2,71.86,69.99,70.79,1335637,QSR
2023-05-03,72.55,73.24,70.8,71.77,1821623,QSR
2023-05-02,71.7,72.97,69.93,72.14,2721381,QSR
2023-05-01,70.05,71.01,70.05,70.6,1575915,QSR
2023-04-28,69.32,70.18,69.21,70.13,699881,QSR
2023-04-27,69.25,69.66,68.92,69.62,637287,QSR
2023-04-26,68.74,69.63,67.5139,68.93,691313,QSR
2023-04-25,69.64,69.85,68.83,68.95,977254,QSR
2023-04-24,69.57,69.96,69.49,69.72,956677,QSR
2023-04-21,69.34,69.95,68.92,69.51,798655,QSR
2023-04-20,68.27,69.47,68.27,69.04,732316,QSR
2023-04-19,68.87,68.99,68.34,68.39,900357,QSR
2023-04-18,68.38,68.9,68.25,68.83,1204811,QSR
2023-04-17,67.72,68.25,67.56,68.11,804143,QSR
2023-04-14,67.01,67.97,66.975,67.5,861411,QSR
2023-04-13,66.78,67.16,66.63,67.11,601940,QSR
2023-04-12,67.13,67.38,66.53,66.56,582046,QSR
2023-06-12,217.22,219.61,214.61,219.48,1325305,TSCO
2023-06-09,217.83,219.59,216.9994,217.22,1075581,TSCO
2023-06-08,217.53,221.06,217.465,219.45,1088970,TSCO
2023-06-07,216.86,218.87,215.86,217.81,1297796,TSCO
2023-06-06,207.26,217.03,207.26,216.86,1969066,TSCO
2023-06-05,209.25,210.98,205.5,207.55,1551438,TSCO
2023-06-02,208.43,212.14,208.03,211.19,1542200,TSCO
2023-06-01,210.94,211.0,205.39,206.32,1913617,TSCO
2023-05-31,213.88,214.35,209.02,209.59,2350513,TSCO
2023-05-30,211.84,215.59,210.48,215.35,1806465,TSCO
2023-05-26,211.04,213.06,209.42,211.5,1562552,TSCO
2023-05-25,218.36,218.36,212.53,213.86,1516147,TSCO
2023-05-24,220.82,221.16,216.62,218.49,1116596,TSCO
2023-05-23,220.44,222.48,218.09,218.54,1206250,TSCO
2023-05-22,225.88,228.325,222.65,222.78,1156140,TSCO
2023-05-19,229.44,230.0877,223.905,224.23,1368364,TSCO
2023-05-18,224.91,230.9,223.555,230.56,1384927,TSCO
2023-05-17,226.2,226.595,223.65,224.91,1286611,TSCO
2023-05-16,228.13,228.46,222.1,226.3,1653443,TSCO
2023-05-15,239.09,239.61,230.835,231.53,1384737,TSCO
2023-05-12,241.78,242.9,238.71,239.92,724033,TSCO
2023-05-11,244.11,245.44,238.97,241.82,646505,TSCO
2023-05-10,242.36,244.99,241.6101,243.87,973180,TSCO
2023-05-09,240.18,242.09,239.15,241.71,662295,TSCO
2023-05-08,240.5,243.7,239.68,240.7,666914,TSCO
2023-05-05,236.99,242.03,236.99,240.33,912754,TSCO
2023-05-04,243.14,244.19,235.99,236.82,853697,TSCO
2023-05-03,240.82,245.8284,240.45,243.31,678087,TSCO
2023-05-02,238.6,242.15,235.895,241.95,1227140,TSCO
2023-05-01,239.22,240.62,237.15,238.95,1048354,TSCO
2023-04-28,239.1,239.1,234.08,238.4,1412818,TSCO
2023-04-27,242.0,242.4,230.46,239.09,2098729,TSCO
2023-04-26,244.0,245.74,242.62,243.19,1045630,TSCO
2023-04-25,248.51,249.23,244.07,244.37,1193180,TSCO
2023-04-24,247.0,250.8899,246.43,249.97,921245,TSCO
2023-04-21,249.47,251.17,247.7,248.59,1060584,TSCO
2023-04-20,245.75,250.41,245.08,249.0,1223869,TSCO
2023-04-19,245.2,247.04,243.29,246.82,1438170,TSCO
2023-04-18,242.4,245.33,241.455,245.21,1172275,TSCO
2023-04-17,239.45,241.28,238.61,241.24,1051420,TSCO
2023-04-14,236.01,238.76,235.77,237.95,678276,TSCO
2023-04-13,232.94,236.755,232.11,236.06,840356,TSCO
2023-04-12,240.97,240.97,232.155,232.64,1080946,TSCO
2023-06-12,52.4,52.91,52.26,52.9,425425,ONEQ
2023-06-09,52.3,52.58,51.95,52.13,253465,ONEQ
2023-06-08,51.47,52.0484,51.47,51.96,291607,ONEQ
2023-06-07,52.26,52.5,51.44,51.52,400364,ONEQ
2023-06-06,51.98,52.25,51.7401,52.15,213570,ONEQ
2023-06-05,52.04,52.37,51.83,52.0,404173,ONEQ
2023-06-02,51.82,52.05,51.55,51.97,305911,ONEQ
2023-06-01,50.86,51.6,50.695,51.39,329801,ONEQ
2023-05-31,50.83,51.15,50.6219,50.84,268091,ONEQ
2023-05-30,51.54,51.6699,50.95,51.15,389986,ONEQ
2023-05-26,50.05,51.0599,50.01,50.95,283625,ONEQ
2023-05-25,49.9,50.02,49.49,49.84,286768,ONEQ
2023-05-24,48.98,49.192,48.76,48.98,323987,ONEQ
2023-05-23,49.77,49.91,49.3,49.34,189449,ONEQ
2023-05-22,49.73,50.0888,49.73,49.97,192950,ONEQ
2023-05-19,49.97,49.99,49.57,49.74,219363,ONEQ
2023-05-18,49.17,49.86,49.1006,49.85,300950,ONEQ
2023-05-17,48.59,49.1358,48.465,49.1,174345,ONEQ
2023-05-16,48.45,48.69,48.37,48.47,159968,ONEQ
2023-05-15,48.21,48.58,48.11,48.51,329167,ONEQ
2023-05-12,48.41,48.57,47.9083,48.17,147096,ONEQ
2023-05-11,48.26,48.445,48.1,48.33,155023,ONEQ
2023-05-10,48.07,48.41,47.77,48.27,480123,ONEQ
2023-05-09,47.9,47.945,47.7703,47.83,183527,ONEQ
2023-05-08,47.93,48.12,47.81,48.11,288487,ONEQ
2023-05-05,47.3,48.12,47.3,48.02,253897,ONEQ
2023-05-04,47.04,47.21,46.8103,46.94,306535,ONEQ
2023-05-03,47.58,47.9,47.18,47.22,131199,ONEQ
2023-05-02,47.81,47.89,47.15,47.4,246400,ONEQ
2023-05-01,47.97,48.11,47.8,47.89,238227,ONEQ
2023-04-28,47.53,47.98,47.45,47.98,136707,ONEQ
2023-04-27,47.04,47.67,46.9,47.58,201555,ONEQ
2023-04-26,46.71,46.9543,46.44,46.48,150739,ONEQ
2023-04-25,46.96,47.06,46.32,46.32,436510,ONEQ
2023-04-24,47.36,47.51,46.94,47.26,265087,ONEQ
2023-04-21,47.28,47.4693,47.06,47.35,171409,ONEQ
2023-04-20,47.26,47.7,47.155,47.36,141245,ONEQ
2023-04-19,47.37,47.83,47.3405,47.67,220223,ONEQ
2023-04-18,47.96,48.02,47.53,47.74,400683,ONEQ
2023-04-17,47.5,47.75,47.34,47.75,145512,ONEQ
2023-04-14,47.55,47.87,47.17,47.62,261412,ONEQ
2023-04-13,47.02,47.77,47.02,47.72,200256,ONEQ
2023-04-12,47.58,47.58,46.76,46.85,259037,ONEQ
2023-06-12,22.6,23.165,22.5,23.06,703669,PPC
2023-06-09,22.87,22.87,22.42,22.57,387175,PPC
2023-06-08,23.08,23.215,22.695,22.88,429721,PPC
2023-06-07,22.84,23.44,22.74,23.12,1120425,PPC
2023-06-06,22.54,22.994,22.54,22.84,999159,PPC
2023-06-05,22.61,22.96,22.53,22.57,778117,PPC
2023-06-02,22.27,23.0,22.27,22.72,510983,PPC
2023-06-01,22.24,22.31,21.88,22.02,873580,PPC
2023-05-31,22.54,22.695,22.125,22.2,925334,PPC
2023-05-30,22.58,22.71,22.4,22.54,573371,PPC
2023-05-26,23.16,23.18,22.15,22.66,1081940,PPC
2023-05-25,23.75,23.78,23.04,23.21,1572111,PPC
2023-05-24,23.66,23.8,23.465,23.79,993745,PPC
2023-05-23,23.39,23.79,23.345,23.67,887912,PPC
2023-05-22,23.73,23.87,23.255,23.42,652897,PPC
2023-05-19,23.71,23.885,23.56,23.75,926742,PPC
2023-05-18,23.26,23.83,23.155,23.61,781131,PPC
2023-05-17,22.62,23.4,22.5801,23.37,1005591,PPC
2023-05-16,22.71,22.77,22.41,22.62,570002,PPC
2023-05-15,22.76,22.855,22.47,22.83,446014,PPC
2023-05-12,22.63,22.895,22.505,22.64,555432,PPC
2023-05-11,22.27,22.64,22.08,22.6,352933,PPC
2023-05-10,22.52,22.55,22.19,22.41,434146,PPC
2023-05-09,22.58,22.58,22.15,22.41,474114,PPC
2023-05-08,22.39,22.68,22.32,22.68,1041350,PPC
2023-05-05,22.15,22.935,21.905,22.75,967572,PPC
2023-05-04,21.74,22.03,21.5,22.0,776678,PPC
2023-05-03,21.92,22.3273,21.65,21.81,751586,PPC
2023-05-02,22.2,22.2,21.46,21.77,980053,PPC
2023-05-01,22.69,23.0,22.21,22.29,944230,PPC
2023-04-28,22.49,23.19,22.2,22.81,1107454,PPC
2023-04-27,21.18,22.15,20.59,22.07,1952343,PPC
2023-04-26,21.84,21.905,21.27,21.51,1211943,PPC
2023-04-25,22.08,22.08,21.68,21.82,647028,PPC
2023-04-24,22.5,22.51,22.15,22.29,511945,PPC
2023-04-21,22.73,22.73,22.29,22.31,457847,PPC
2023-04-20,22.72,22.775,22.36,22.59,468874,PPC
2023-04-19,22.96,22.9801,22.72,22.86,397039,PPC
2023-04-18,23.31,23.34,22.95,22.96,398942,PPC
2023-04-17,23.38,23.38,23.0,23.23,484810,PPC
2023-04-14,23.45,23.72,23.21,23.37,549719,PPC
2023-04-13,23.43,23.575,23.23,23.46,472169,PPC
2023-04-12,23.54,23.63,23.2101,23.4,387926,PPC
2023-06-12,34.39,34.465,33.85,34.32,2928328,CAG
2023-06-09,34.28,34.6,34.22,34.38,2757475,CAG
2023-06-08,34.2,34.48,34.005,34.46,2580069,CAG
2023-06-07,33.7,34.235,33.37,34.1,5293320,CAG
2023-06-06,35.06,35.12,34.075,34.32,3839425,CAG
2023-06-05,35.13,35.6,34.91,35.02,2622726,CAG
2023-06-02,34.33,35.24,34.28,35.13,5462427,CAG
2023-06-01,34.97,35.13,34.26,34.42,7989436,CAG
2023-05-31,34.43,34.99,34.41,34.87,11132629,CAG
2023-05-30,34.54,34.875,34.245,34.29,4498749,CAG
2023-05-26,34.62,34.91,34.335,34.84,4057506,CAG
2023-05-25,34.76,34.93,34.575,34.73,2675930,CAG
2023-05-24,35.22,35.31,34.78,35.06,3074920,CAG
2023-05-23,35.41,35.555,35.2,35.22,3746884,CAG
2023-05-22,35.9,35.9,35.1,35.39,4289435,CAG
2023-05-19,35.76,36.09,35.54,35.84,4016128,CAG
2023-05-18,36.51,36.51,35.63,35.8,4019545,CAG
2023-05-17,36.53,36.72,36.1,36.69,5371610,CAG
2023-05-16,36.45,36.625,36.05,36.44,5016261,CAG
2023-05-15,36.87,36.89,36.345,36.54,3382141,CAG
2023-05-12,36.52,36.7988,36.52,36.75,2883661,CAG
2023-05-11,36.69,36.76,36.09,36.5,5770403,CAG
2023-05-10,37.84,37.93,36.495,36.75,7515409,CAG
2023-05-09,37.7,37.98,37.565,37.81,3642044,CAG
2023-05-08,37.63,38.045,37.53,37.74,2245760,CAG
2023-05-05,37.52,38.025,37.37,37.82,1972858,CAG
2023-05-04,38.07,38.2,37.5011,37.62,4535297,CAG
2023-05-03,38.69,38.73,37.9,38.09,4643711,CAG
2023-05-02,38.19,38.5,37.88,38.45,3299812,CAG
2023-05-01,38.1,38.36,38.03,38.22,3886244,CAG
2023-04-28,37.84,38.085,37.745,37.96,3624773,CAG
2023-04-27,37.43,37.91,37.3,37.9,2595141,CAG
2023-04-26,37.86,38.15,37.715,37.82,5137090,CAG
2023-04-25,37.81,38.44,37.755,38.14,5638025,CAG
2023-04-24,37.49,37.75,37.38,37.72,3437886,CAG
2023-04-21,37.57,37.66,37.14,37.45,4045966,CAG
2023-04-20,37.42,37.48,37.23,37.4,2938237,CAG
2023-04-19,37.36,37.37,36.96,37.35,2844644,CAG
2023-04-18,37.06,37.265,36.9,37.2,3718157,CAG
2023-04-17,37.13,37.32,37.0,37.27,2888098,CAG
2023-04-14,37.34,37.41,36.84,36.97,5827644,CAG
2023-04-13,37.51,37.71,37.315,37.54,4902293,CAG
2023-04-12,37.72,37.84,37.51,37.62,3434248,CAG
2023-06-12,162.68,165.15,162.575,164.98,1112840,DRI
2023-06-09,163.4,164.57,161.8,161.91,1045164,DRI
2023-06-08,163.82,164.6,162.64,163.36,1167465,DRI
2023-06-07,163.48,164.98,163.06,164.4,1292141,DRI
2023-06-06,160.42,163.43,159.7,163.07,1502534,DRI
2023-06-05,163.42,163.99,160.92,161.04,1330650,DRI
2023-06-02,162.45,164.43,161.58,164.04,1121918,DRI
2023-06-01,159.95,162.31,158.71,161.73,1328863,DRI
2023-05-31,160.14,160.6,158.0,158.52,1950933,DRI
2023-05-30,161.51,161.9371,160.05,160.38,1004366,DRI
2023-05-26,161.52,163.77,160.5,161.28,1159083,DRI
2023-05-25,161.29,162.185,160.09,161.03,1211288,DRI
2023-05-24,160.58,162.32,159.965,160.46,1283888,DRI
2023-05-23,160.51,161.35,159.615,160.57,1286090,DRI
2023-05-22,161.79,163.42,161.025,161.23,1159460,DRI
2023-05-19,162.76,163.41,160.54,161.41,1621976,DRI
2023-05-18,159.0,162.31,158.7,162.14,2024627,DRI
2023-05-17,154.22,158.86,153.645,158.69,1921832,DRI
2023-05-16,151.68,153.42,150.495,153.16,1582283,DRI
2023-05-15,149.3,151.93,148.44,151.89,1216728,DRI
2023-05-12,146.59,148.91,146.59,148.55,1444525,DRI
2023-05-11,148.85,149.115,146.29,147.01,1492114,DRI
2023-05-10,150.56,151.025,147.82,149.06,1346996,DRI
2023-05-09,149.85,151.55,149.7992,150.33,904505,DRI
2023-05-08,152.81,153.95,149.87,150.24,1746739,DRI
2023-05-05,153.32,154.18,152.03,153.09,1225570,DRI
2023-05-04,151.5,153.065,151.14,152.92,1005358,DRI
2023-05-03,151.89,152.2,150.52,151.47,1454327,DRI
2023-05-02,151.46,152.71,149.15,151.83,1140113,DRI
2023-05-01,150.88,152.19,150.41,151.26,1542502,DRI
2023-04-28,151.39,152.41,150.69,151.93,739691,DRI
2023-04-27,149.38,151.31,148.24,151.2,749710,DRI
2023-04-26,146.82,149.27,146.745,148.52,1217342,DRI
2023-04-25,149.53,149.53,145.9,146.46,1201148,DRI
2023-04-24,152.0,152.25,148.552,149.27,1125601,DRI
2023-04-21,150.41,151.87,150.2925,151.85,1048161,DRI
2023-04-20,151.34,151.49,149.16,149.93,902781,DRI
2023-04-19,151.84,152.217,151.24,151.55,840920,DRI
2023-04-18,152.46,153.23,151.76,151.81,736429,DRI
2023-04-17,153.13,153.68,150.65,151.75,996711,DRI
2023-04-14,153.24,154.695,152.26,152.42,746826,DRI
2023-04-13,152.8,153.81,152.2055,153.47,1171583,DRI
2023-04-12,154.28,154.83,151.6,151.74,1461568,DRI
2023-06-12,256.21,256.54,253.09,255.19,913914,HSY
2023-06-09,253.89,256.94,253.47,255.82,691123,HSY
2023-06-08,253.22,255.18,252.0,255.12,794499,HSY
2023-06-07,253.0,255.937,251.615,253.2,1268695,HSY
2023-06-06,260.53,261.19,254.06,255.29,955064,HSY
2023-06-05,260.82,261.93,257.31,259.48,1100888,HSY
2023-06-02,257.87,261.64,257.87,260.91,991895,HSY
2023-06-01,260.38,261.28,258.49,259.66,1139027,HSY
2023-05-31,257.65,259.9693,256.17,259.7,1630723,HSY
2023-05-30,255.7,258.065,255.01,256.37,1414245,HSY
2023-05-26,260.1,261.47,256.54,257.72,1142384,HSY
2023-05-25,262.88,263.375,258.82,260.38,1673805,HSY
2023-05-24,262.56,263.9,260.77,262.47,940387,HSY
2023-05-23,262.51,263.085,259.225,262.42,1369691,HSY
2023-05-22,266.0,266.96,260.0,262.88,1274803,HSY
2023-05-19,267.06,267.25,264.4307,266.04,1261120,HSY
2023-05-18,265.61,267.0,264.25,266.84,1010939,HSY
2023-05-17,269.63,269.63,264.87,267.5,1167353,HSY
2023-05-16,269.94,270.52,266.61,269.23,906399,HSY
2023-05-15,274.58,274.58,270.11,270.46,677956,HSY
2023-05-12,275.12,275.62,273.21,274.58,644390,HSY
2023-05-11,274.7,275.045,272.22,274.78,652730,HSY
2023-05-10,273.49,274.34,272.21,274.12,776548,HSY
2023-05-09,275.65,275.89,273.6,274.08,902972,HSY
2023-05-08,273.58,275.74,272.0,274.77,589530,HSY
2023-05-05,273.46,275.58,273.08,275.33,727978,HSY
2023-05-04,274.65,275.0,272.81,274.64,887169,HSY
2023-05-03,275.77,276.71,273.4364,274.21,1104642,HSY
2023-05-02,276.5,276.5,272.38,274.3,1443167,HSY
2023-05-01,274.12,276.8805,273.41,276.35,1179904,HSY
2023-04-28,271.5,273.1992,269.7001,273.06,1129899,HSY
2023-04-27,264.27,273.42,263.71,273.33,1818480,HSY
2023-04-26,262.98,263.36,260.98,261.75,1199886,HSY
2023-04-25,261.38,264.04,261.01,262.98,1013903,HSY
2023-04-24,261.36,262.315,260.0,261.0,735154,HSY
2023-04-21,262.12,262.64,259.8915,260.85,873077,HSY
2023-04-20,258.16,260.545,257.94,260.42,753684,HSY
2023-04-19,260.6,260.83,257.17,257.3,835689,HSY
2023-04-18,258.85,260.0,257.97,259.6,659740,HSY
2023-04-17,257.16,259.15,256.65,259.03,781726,HSY
2023-04-14,256.99,257.495,255.77,256.28,806074,HSY
2023-04-13,257.94,258.8,256.325,258.0,738628,HSY
2023-04-12,257.32,259.91,256.79,258.61,818406,HSY
2023-06-12,235.23,238.885,233.3201,237.9,3645004,CAT
2023-06-09,235.7,235.81,231.43,235.03,2489663,CAT
2023-06-08,234.54,236.28,231.74,234.45,3548041,CAT
2023-06-07,227.81,236.36,226.28,235.55,5586408,CAT
2023-06-06,221.86,228.27,221.45,226.68,3230095,CAT
2023-06-05,226.99,226.99,220.75,222.47,3438400,CAT
2023-06-02,214.95,227.78,214.01,226.63,8358196,CAT
2023-06-01,207.68,210.57,206.04,209.07,2989150,CAT
2023-05-31,209.13,210.78,205.6,205.75,5884829,CAT
2023-05-30,211.18,212.89,208.25,209.9,2885893,CAT
2023-05-26,211.74,213.28,210.205,211.8,1973881,CAT
2023-05-25,209.69,211.785,208.6,209.98,2243773,CAT
2023-05-24,211.81,212.48,209.22,209.7,2963968,CAT
2023-05-23,213.2,215.26,211.35,212.71,2298512,CAT
2023-05-22,214.25,217.16,211.89,214.26,2540614,CAT
2023-05-19,219.46,219.8894,212.95,214.78,4402093,CAT
2023-05-18,211.0,215.66,210.23,214.72,2643586,CAT
2023-05-17,209.28,213.835,208.65,212.1,2897517,CAT
2023-05-16,210.05,210.265,207.05,207.2,2771733,CAT
2023-05-15,210.31,213.305,209.15,211.29,1925794,CAT
2023-05-12,211.71,212.55,207.93,209.54,2172580,CAT
2023-05-11,209.0,210.28,208.415,210.03,3263278,CAT
2023-05-10,215.43,215.99,210.19,213.17,2446106,CAT
2023-05-09,213.74,215.3937,211.95,213.49,4111863,CAT
2023-05-08,216.44,218.11,213.63,214.79,2414108,CAT
2023-05-05,213.59,215.68,212.4,215.09,2716550,CAT
2023-05-04,216.05,216.93,209.33,210.38,3211007,CAT
2023-05-03,215.64,219.17,214.86,215.64,2635075,CAT
2023-05-02,217.11,217.11,210.59,215.15,2857991,CAT
2023-05-01,219.342,221.96,216.53,217.27,2876412,CAT
2023-04-28,213.24,220.555,213.0,218.8,4669549,CAT
2023-04-27,210.48,216.08,204.04,214.33,7711149,CAT
2023-04-26,217.73,220.39,216.12,216.19,3133496,CAT
2023-04-25,222.36,223.2288,218.27,218.63,2505596,CAT
2023-04-24,220.53,223.685,220.53,223.43,2790653,CAT
2023-04-21,220.67,220.99,217.5,220.27,2712742,CAT
2023-04-20,222.42,224.22,220.93,222.27,2826825,CAT
2023-04-19,224.8,225.15,222.41,224.65,2078502,CAT
2023-04-18,225.56,227.5,224.06,225.2,2567096,CAT
2023-04-17,225.01,226.92,224.3,225.24,1742418,CAT
2023-04-14,222.99,225.83,221.44,223.68,2246904,CAT
2023-04-13,219.94,222.18,216.66,221.67,2909059,CAT
2023-04-12,222.15,223.215,219.89,220.5,2385141,CAT
2023-06-12,97.96,98.51,97.52,98.46,6708547,SBUX
2023-06-09,98.8,98.96,97.64,97.96,5552325,SBUX
2023-06-08,97.65,99.18,96.92,99.15,6881620,SBUX
2023-06-07,98.55,98.86,97.59,97.92,6285640,SBUX
2023-06-06,99.74,100.33,97.53,98.22,8657061,SBUX
2023-06-05,100.04,100.87,99.5,99.93,6536496,SBUX
2023-06-02,98.31,99.66,98.19,99.5,6221417,SBUX
2023-06-01,97.59,98.23,96.52,97.52,6752182,SBUX
2023-05-31,98.03,98.08,96.98,97.64,10370654,SBUX
2023-05-30,98.89,98.96,97.305,97.75,6505373,SBUX
2023-05-26,98.63,99.605,98.33,98.53,7276461,SBUX
2023-05-25,98.7,98.9,97.73,98.44,8177029,SBUX
2023-05-24,100.8,100.81,99.11,99.61,6134820,SBUX
2023-05-23,102.115,102.14,100.075,100.34,6766298,SBUX
2023-05-22,105.52,105.7,102.77,102.9,7504276,SBUX
2023-05-19,107.0,107.1481,105.32,105.51,4985231,SBUX
2023-05-18,105.42,107.14,105.2,107.09,5377477,SBUX
2023-05-17,105.96,106.54,104.945,105.69,4757275,SBUX
2023-05-16,106.41,106.56,105.195,105.28,3677256,SBUX
2023-05-15,106.11,106.755,105.605,106.64,4217126,SBUX
2023-05-12,105.76,106.215,104.83,106.12,5175562,SBUX
2023-05-11,106.44,106.76,105.12,105.63,4791653,SBUX
2023-05-10,107.16,108.11,105.6802,106.97,4565013,SBUX
2023-05-09,106.99,107.175,106.4,106.71,3682380,SBUX
2023-05-08,107.47,108.12,106.93,107.17,6090713,SBUX
2023-05-05,105.55,107.48,105.38,107.21,7813754,SBUX
2023-05-04,104.27,105.67,103.8,104.72,8858136,SBUX
2023-05-03,109.075,109.7194,103.8,103.96,24388561,SBUX
2023-05-02,114.49,114.56,112.85,114.46,9626359,SBUX
2023-05-01,114.252,115.48,114.25,114.56,6495924,SBUX
2023-04-28,112.42,114.31,112.29,114.29,5979301,SBUX
2023-04-27,111.39,112.88,111.18,112.75,7618524,SBUX
2023-04-26,109.01,112.33,109.01,111.47,8053123,SBUX
2023-04-25,108.91,111.11,108.83,109.34,8747078,SBUX
2023-04-24,108.19,109.29,108.0401,109.29,5940686,SBUX
2023-04-21,107.3,108.78,106.66,108.19,4522838,SBUX
2023-04-20,106.192,107.575,106.19,107.05,4297187,SBUX
2023-04-19,107.69,107.86,107.08,107.16,4617787,SBUX
2023-04-18,108.87,109.23,107.73,107.91,5300676,SBUX
2023-04-17,107.958,108.645,107.56,108.31,4780335,SBUX
2023-04-14,106.91,108.17,106.85,107.47,3963272,SBUX
2023-04-13,106.38,107.225,106.25,106.99,4367557,SBUX
2023-04-12,106.24,106.58,105.35,105.6,4606206,SBUX
2023-06-12,2049.43,2066.33,2033.22,2063.67,228755,CMG
2023-06-09,2023.0,2043.0,2023.0,2040.55,178921,CMG
2023-06-08,2014.26,2040.82,2014.26,2023.23,194432,CMG
2023-06-07,2059.0,2072.8,2014.155,2022.9,305554,CMG
2023-06-06,2079.27,2079.27,2056.01,2058.12,177636,CMG
2023-06-05,2058.63,2077.05,2057.0,2074.38,233132,CMG
2023-06-02,2072.47,2091.86,2060.6,2062.23,245540,CMG
2023-06-01,2058.13,2087.94,2058.13,2082.33,187584,CMG
2023-05-31,2070.0,2077.78,2059.19,2076.49,573710,CMG
2023-05-30,2072.32,2097.64,2064.66,2071.28,334985,CMG
2023-05-26,2057.0,2079.31,2057.0,2071.02,269380,CMG
2023-05-25,2069.72,2087.21,2055.37,2057.9,248346,CMG
2023-05-24,2044.81,2064.0,2041.0,2053.07,216120,CMG
2023-05-23,2093.0,2107.0386,2040.94,2047.01,352208,CMG
2023-05-22,2111.0,2139.88,2098.0,2101.94,312172,CMG
2023-05-19,2093.4,2110.0,2093.4,2106.22,285975,CMG
2023-05-18,2060.8,2096.3,2057.0,2095.87,305692,CMG
2023-05-17,2052.64,2070.04,2026.72,2062.01,263978,CMG
2023-05-16,2046.73,2060.79,2040.57,2050.22,228499,CMG
2023-05-15,2048.0,2049.99,2035.59,2047.12,181838,CMG
2023-05-12,2054.28,2067.06,2040.38,2045.63,218589,CMG
2023-05-11,2055.32,2066.11,2051.78,2058.5,216287,CMG
2023-05-10,2038.99,2057.93,2036.64,2054.84,199835,CMG
2023-05-09,2040.08,2046.96,2030.91,2032.66,137342,CMG
2023-05-08,2032.11,2036.82,2016.39,2032.84,342852,CMG
2023-05-05,2032.65,2034.95,2020.275,2028.21,321246,CMG
2023-05-04,2058.47,2062.33,2028.64,2033.51,228827,CMG
2023-05-03,2054.08,2066.71,2047.12,2058.12,279839,CMG
2023-05-02,2042.84,2058.88,2025.79,2053.96,294736,CMG
2023-05-01,2055.0,2077.2899,2037.11,2039.28,503145,CMG
2023-04-28,2031.13,2071.0,2026.09,2067.62,411018,CMG
2023-04-27,2025.9,2038.0,1996.115,2036.26,482760,CMG
2023-04-26,1918.02,2047.31,1918.02,2009.85,1602946,CMG
2023-04-25,1796.0,1816.96,1780.0,1780.0,454592,CMG
2023-04-24,1812.79,1812.79,1792.77,1796.97,261464,CMG
2023-04-21,1805.15,1808.0,1780.901,1800.0,304847,CMG
2023-04-20,1802.4,1816.6999,1792.41,1798.4,287149,CMG
2023-04-19,1785.72,1809.66,1779.87,1805.0,276725,CMG
2023-04-18,1783.0,1798.02,1775.36,1778.46,290535,CMG
2023-04-17,1748.0,1775.2499,1738.66,1775.0,328165,CMG
2023-04-14,1717.78,1741.945,1717.4541,1738.3,222018,CMG
2023-04-13,1712.43,1725.0,1706.14,1717.89,216300,CMG
2023-04-12,1730.0,1733.225,1693.9,1695.77,198953,CMG
2023-06-12,667.34,670.0,648.0101,654.44,52682,COKE
2023-06-09,666.23,671.3,665.17,666.18,40929,COKE
2023-06-08,668.8,675.0,664.69,668.77,55318,COKE
2023-06-07,683.12,688.357,660.77,665.67,55009,COKE
2023-06-06,665.58,683.5,665.58,682.6,45019,COKE
2023-06-05,685.51,692.36,656.52,665.58,53593,COKE
2023-06-02,685.87,693.92,682.6701,692.23,45784,COKE
2023-06-01,660.41,684.73,659.04,680.24,31392,COKE
2023-05-31,667.14,670.49,658.445,661.74,57691,COKE
2023-05-30,673.04,684.4799,667.78,667.82,38977,COKE
2023-05-26,670.99,678.205,668.605,673.04,28078,COKE
2023-05-25,659.7,672.23,659.7,668.18,20526,COKE
2023-05-24,660.53,666.77,653.7101,660.07,21497,COKE
2023-05-23,658.95,669.7,657.705,661.36,32762,COKE
2023-05-22,667.0,670.22,658.15,663.58,33586,COKE
2023-05-19,661.48,669.46,649.57,664.3,38371,COKE
2023-05-18,637.58,655.78,637.58,655.78,40320,COKE
2023-05-17,638.11,641.99,635.33,638.0,32926,COKE
2023-05-16,632.99,638.45,625.56,637.0,51084,COKE
2023-05-15,631.54,634.85,629.2418,633.05,29982,COKE
2023-05-12,634.39,634.39,627.82,632.0,32995,COKE
2023-05-11,630.02,634.09,626.5401,633.22,29175,COKE
2023-05-10,635.03,649.5,628.0,629.92,34279,COKE
2023-05-09,653.0,653.0,626.87,629.74,46266,COKE
2023-05-08,658.93,666.8175,649.61,651.97,35748,COKE
2023-05-05,660.16,670.9099,646.21,655.84,71997,COKE
2023-05-04,620.0,694.2,610.47,657.69,81835,COKE
2023-05-03,597.8,619.29,590.91,590.91,44650,COKE
2023-05-02,596.8,597.5699,584.69,593.82,38381,COKE
2023-05-01,589.32,596.72,586.36,594.55,33261,COKE
2023-04-28,574.68,593.53,573.63,589.46,33544,COKE
2023-04-27,572.0,579.82,563.3812,573.62,35670,COKE
2023-04-26,562.62,572.29,559.32,570.66,32561,COKE
2023-04-25,557.55,568.7,554.0,560.45,29411,COKE
2023-04-24,554.19,558.8,552.3601,558.39,31954,COKE
2023-04-21,552.27,554.09,548.0,551.3,27360,COKE
2023-04-20,538.47,555.73,538.47,554.93,26604,COKE
2023-04-19,538.36,541.77,534.53,536.93,30612,COKE
2023-04-18,535.49,538.6548,533.91,538.36,16588,COKE
2023-04-17,537.75,538.085,529.68,533.3,36250,COKE
2023-04-14,537.37,538.1017,531.8301,535.82,27486,COKE
2023-04-13,531.0,538.27,530.0,537.37,22473,COKE
2023-04-12,538.7,539.406,529.97,531.0,19013,COKE
2023-06-12,13.8,13.92,13.74,13.91,4121954,CNHI
2023-06-09,13.77,13.8,13.63,13.69,3197214,CNHI
2023-06-08,13.83,13.8899,13.735,13.86,6154225,CNHI
2023-06-07,13.35,13.75,13.29,13.7,8793970,CNHI
2023-06-06,13.11,13.36,13.06,13.34,7563540,CNHI
2023-06-05,13.4,13.4,13.04,13.14,8346800,CNHI
2023-06-02,13.32,13.68,13.295,13.63,7534183,CNHI
2023-06-01,12.86,13.24,12.815,13.14,7317228,CNHI
2023-05-31,12.9,12.975,12.74,12.83,7410737,CNHI
2023-05-30,13.35,13.37,13.1,13.17,4037525,CNHI
2023-05-26,13.36,13.475,13.245,13.41,5200199,CNHI
2023-05-25,13.26,13.36,13.105,13.3,6461116,CNHI
2023-05-24,13.66,13.66,13.37,13.41,4617089,CNHI
2023-05-23,13.94,14.19,13.83,13.98,4985790,CNHI
2023-05-22,14.0,14.13,13.76,13.99,6528170,CNHI
2023-05-19,14.42,14.475,13.9,14.0,9610972,CNHI
2023-05-18,13.9,14.02,13.79,14.01,7946455,CNHI
2023-05-17,13.65,14.02,13.63,13.91,4207707,CNHI
2023-05-16,13.8,13.84,13.61,13.62,3881915,CNHI
2023-05-15,14.02,14.14,13.935,14.02,4711543,CNHI
2023-05-12,14.07,14.21,13.97,14.07,6178870,CNHI
2023-05-11,13.86,13.9,13.72,13.84,5055536,CNHI
2023-05-10,14.3,14.34,13.985,14.22,4656158,CNHI
2023-05-09,14.16,14.23,14.06,14.22,4452796,CNHI
2023-05-08,14.36,14.62,14.28,14.43,6295574,CNHI
2023-05-05,13.33,14.29,13.13,14.2,8645200,CNHI
2023-05-04,13.87,13.965,13.51,13.63,5861748,CNHI
2023-05-03,14.05,14.24,13.96,13.97,4515318,CNHI
2023-05-02,14.09,14.175,13.82,14.07,4495378,CNHI
2023-05-01,14.17,14.375,14.08,14.1,2650898,CNHI
2023-04-28,13.74,14.13,13.74,14.1,3548175,CNHI
2023-04-27,13.82,13.98,13.71,13.97,3229676,CNHI
2023-04-26,13.8,13.87,13.68,13.78,3230747,CNHI
2023-04-25,13.97,14.0,13.74,13.74,3087574,CNHI
2023-04-24,14.1,14.25,14.055,14.12,3690356,CNHI
2023-04-21,14.41,14.475,14.255,14.34,3724070,CNHI
2023-04-20,14.49,14.685,14.45,14.6,2635439,CNHI
2023-04-19,14.68,14.71,14.52,14.64,2331084,CNHI
2023-04-18,14.74,14.875,14.67,14.77,2923735,CNHI
2023-04-17,14.62,14.7,14.6,14.68,2310042,CNHI
2023-04-14,14.72,14.85,14.56,14.64,4444216,CNHI
2023-04-13,14.61,14.77,14.35,14.64,6754999,CNHI
2023-04-12,14.51,14.575,14.355,14.41,6176652,CNHI
2023-06-12,430.92,433.88,430.17,433.8,76256703,SPY
2023-06-09,429.96,431.99,428.87,429.9,85647268,SPY
2023-06-08,426.62,429.6,425.82,429.13,61952842,SPY
2023-06-07,428.44,429.62,426.11,426.55,85373275,SPY
2023-06-06,426.67,428.5772,425.99,428.03,64022175,SPY
2023-06-05,428.28,429.62,426.37,427.1,65460158,SPY
2023-06-02,424.5,428.74,423.95,427.92,91426171,SPY
2023-06-01,418.09,422.92,416.79,421.82,88865018,SPY
2023-05-31,418.28,419.22,416.22,417.85,106350372,SPY
2023-05-30,422.03,422.58,418.735,420.18,72215960,SPY
2023-05-26,415.33,420.77,415.25,420.02,93829975,SPY
2023-05-25,414.74,416.16,412.4101,414.65,90961606,SPY
2023-05-24,412.42,412.82,409.8795,411.09,89213678,SPY
2023-05-23,417.08,418.722,413.68,414.09,86383493,SPY
2023-05-22,418.64,420.39,417.35,418.79,60745399,SPY
2023-05-19,420.17,420.72,417.35,418.62,103793317,SPY
2023-05-18,414.9,419.67,414.67,419.23,97177195,SPY
2023-05-17,412.35,415.855,410.635,415.23,87286957,SPY
2023-05-16,411.86,412.815,410.24,410.25,57705495,SPY
2023-05-15,412.22,413.43,410.23,413.01,54289383,SPY
2023-05-12,413.42,413.64,409.07,411.59,70481548,SPY
2023-05-11,411.95,412.43,409.97,412.13,70157064,SPY
2023-05-10,413.88,414.535,408.87,412.85,96142922,SPY
2023-05-09,411.13,412.09,410.6894,410.93,49220119,SPY
2023-05-08,412.97,413.24,411.28,412.74,50046768,SPY
2023-05-05,408.91,413.72,408.64,412.63,87891791,SPY
2023-05-04,406.93,407.27,403.74,405.13,94901863,SPY
2023-05-03,411.36,413.87,407.77,408.02,91531769,SPY
2023-05-02,414.77,414.82,407.82,410.84,103998484,SPY
2023-05-01,415.47,417.62,415.265,415.51,62122254,SPY
2023-04-28,411.49,415.94,411.43,415.93,89433137,SPY
2023-04-27,407.0,412.69,406.74,412.41,92968369,SPY
2023-04-26,406.72,407.84,403.78,404.36,78319853,SPY
2023-04-25,410.58,411.16,406.02,406.08,97766721,SPY
2023-04-24,411.99,413.07,410.6,412.63,64332095,SPY
2023-04-21,412.19,412.68,410.17,412.2,73457422,SPY
2023-04-20,411.21,413.7,410.27,411.88,75840359,SPY
2023-04-19,412.22,415.08,412.16,414.14,55227330,SPY
2023-04-18,415.58,415.72,412.7802,414.21,63559997,SPY
2023-04-17,412.37,413.96,411.085,413.94,65496534,SPY
2023-04-14,412.81,415.09,410.06,412.46,78161500,SPY
2023-04-13,409.18,413.84,407.9922,413.47,85814754,SPY
2023-04-12,411.87,412.17,407.44,408.05,86420379,SPY
2023-06-12,378.67,388.07,377.98,387.13,1527815,DE
2023-06-09,381.73,383.365,377.07,378.87,1254953,DE
2023-06-08,381.77,384.0,378.55,380.77,1317332,DE
2023-06-07,373.98,383.935,370.08,381.82,1928790,DE
2023-06-06,362.22,374.46,361.8,373.69,1927597,DE
2023-06-05,371.2,371.2,363.15,363.65,1476800,DE
2023-06-02,360.07,372.14,357.67,371.07,2855589,DE
2023-06-01,349.23,355.66,346.83,352.57,2116838,DE
2023-05-31,348.2,350.215,345.55,345.98,3146126,DE
2023-05-30,355.0,357.0673,346.44,350.63,2094898,DE
2023-05-26,356.69,359.58,355.29,357.21,1413105,DE
2023-05-25,353.66,357.39,350.81,354.88,1540218,DE
2023-05-24,358.33,358.69,353.0,354.08,1716976,DE
2023-05-23,357.28,363.04,354.45,360.48,2111424,DE
2023-05-22,359.69,365.85,355.87,360.5,2936244,DE
2023-05-19,390.82,393.0,361.47,363.55,7522054,DE
2023-05-18,367.34,371.16,365.7,370.52,2034280,DE
2023-05-17,365.0,372.73,364.1,368.07,1843948,DE
2023-05-16,368.0,368.84,362.26,362.68,2181388,DE
2023-05-15,374.4,374.79,369.86,370.21,1466486,DE
2023-05-12,376.12,377.5,371.3001,373.98,1331985,DE
2023-05-11,375.9,377.0,370.17,372.79,1825102,DE
2023-05-10,385.7,386.26,376.16,380.39,1014781,DE
2023-05-09,377.74,382.68,376.37,381.44,1478795,DE
2023-05-08,385.99,389.28,378.85,380.25,1106586,DE
2023-05-05,378.1,382.73,376.04,381.09,1862923,DE
2023-05-04,382.1,384.02,373.325,373.59,1383068,DE
2023-05-03,385.26,390.01,382.14,382.22,1235387,DE
2023-05-02,384.01,386.8761,374.24,383.8,1547826,DE
2023-05-01,379.95,384.6212,379.43,382.12,1184131,DE
2023-04-28,371.82,378.42,371.0,378.02,1987689,DE
2023-04-27,372.42,373.9999,365.89,371.85,2741555,DE
2023-04-26,375.0,378.19,372.39,374.61,1407184,DE
2023-04-25,385.02,385.72,378.65,379.47,1688394,DE
2023-04-24,387.32,392.6601,386.255,388.04,1132839,DE
2023-04-21,389.91,390.53,385.3,386.7,2556939,DE
2023-04-20,390.72,392.38,386.01,390.36,1336266,DE
2023-04-19,395.24,396.39,390.1253,392.77,860049,DE
2023-04-18,393.22,399.61,392.0,396.69,1402026,DE
2023-04-17,389.32,393.26,389.0,391.42,1115450,DE
2023-04-14,386.67,389.85,385.2,387.77,1113204,DE
2023-04-13,385.72,387.37,379.0601,384.74,1626988,DE
2023-04-12,383.49,388.75,382.8,384.39,2166169,DE
2023-06-12,50.54,50.985,50.3,50.65,2576448,TSN
2023-06-09,50.65,50.695,50.16,50.37,2534917,TSN
2023-06-08,51.07,51.21,50.2,50.86,2542254,TSN
2023-06-07,50.26,51.545,50.04,51.33,3303792,TSN
2023-06-06,50.43,50.795,49.96,50.44,2432391,TSN
2023-06-05,51.34,51.5542,50.265,50.51,2634250,TSN
2023-06-02,50.9,51.75,50.54,51.34,4291609,TSN
2023-06-01,51.12,51.12,50.39,50.61,3327905,TSN
2023-05-31,51.87,51.98,50.5,50.64,6077917,TSN
2023-05-30,51.91,52.5,51.3,52.38,3570607,TSN
2023-05-26,51.75,52.1399,51.49,52.01,3318641,TSN
2023-05-25,51.58,51.99,51.26,51.76,3690257,TSN
2023-05-24,51.76,52.03,50.74,51.77,3686047,TSN
2023-05-23,50.3,51.96,50.23,51.67,3718854,TSN
2023-05-22,50.0,50.39,49.79,50.11,3001274,TSN
2023-05-19,50.0,50.5234,49.7,49.96,5735107,TSN
2023-05-18,49.84,50.305,49.505,49.97,3395538,TSN
2023-05-17,49.12,50.145,48.93,50.12,3603941,TSN
2023-05-16,49.27,49.45,48.66,49.2,4047735,TSN
2023-05-15,49.46,50.11,49.22,49.47,4676318,TSN
2023-05-12,49.2,49.5,48.34,48.87,5088903,TSN
2023-05-11,47.76,49.3886,47.48,49.34,7014121,TSN
2023-05-10,49.0,49.3495,47.11,47.28,8769971,TSN
2023-05-09,50.3,50.3,48.305,48.82,12081316,TSN
2023-05-08,54.42,54.75,50.02,50.73,25258630,TSN
2023-05-05,60.03,61.02,59.9,60.69,3649381,TSN
2023-05-04,60.33,60.6,59.663,60.13,2312099,TSN
2023-05-03,61.02,61.35,60.42,60.56,2757767,TSN
2023-05-02,62.11,62.13,60.39,60.94,1932633,TSN
2023-05-01,62.54,63.28,62.305,62.33,2185297,TSN
2023-04-28,61.56,62.655,61.41,62.49,2942595,TSN
2023-04-27,60.33,61.31,60.11,61.28,3348126,TSN
2023-04-26,60.73,61.03,60.15,60.35,2421764,TSN
2023-04-25,60.91,61.1,60.41,61.0,2082822,TSN
2023-04-24,60.96,61.16,60.6295,60.91,1992737,TSN
2023-04-21,61.08,61.2,60.52,61.0,1726606,TSN
2023-04-20,61.49,61.5,60.75,60.86,2012937,TSN
2023-04-19,60.94,61.775,60.555,61.62,2055715,TSN
2023-04-18,61.39,61.56,60.53,60.87,1806194,TSN
2023-04-17,60.95,61.68,60.83,61.44,1579581,TSN
2023-04-14,61.58,61.64,60.45,60.82,2031156,TSN
2023-04-13,61.4,61.8766,61.02,61.69,2298623,TSN
2023-04-12,62.26,62.67,61.5,61.58,3013343,TSN
2023-06-12,82.55,82.6387,81.115,81.58,3854937,GIS
2023-06-09,82.4,82.83,82.1,82.3,2708814,GIS
2023-06-08,81.39,82.68,81.25,82.65,2877550,GIS
2023-06-07,81.27,82.16,80.1,81.5,5185452,GIS
2023-06-06,85.43,85.78,83.1438,83.78,2754862,GIS
2023-06-05,84.55,85.84,84.55,85.24,2552800,GIS
2023-06-02,83.63,84.61,83.2,84.59,3403523,GIS
2023-06-01,84.26,84.98,83.82,83.89,2608792,GIS
2023-05-31,83.31,84.295,83.09,84.16,8236012,GIS
2023-05-30,83.35,83.8647,82.31,83.27,4495802,GIS
2023-05-26,84.36,84.91,83.65,84.18,2364000,GIS
2023-05-25,84.42,84.835,83.64,84.51,2490329,GIS
2023-05-24,85.7,85.82,84.66,85.07,2287064,GIS
2023-05-23,85.8,85.82,84.38,85.47,3018195,GIS
2023-05-22,87.65,87.65,85.225,85.7,3156188,GIS
2023-05-19,88.25,88.56,86.97,87.63,4147481,GIS
2023-05-18,89.28,89.28,88.035,88.5,3395475,GIS
2023-05-17,90.26,90.395,88.66,89.85,2772735,GIS
2023-05-16,90.1,90.58,89.23,90.26,2191203,GIS
2023-05-15,90.73,90.89,89.515,90.29,2629742,GIS
2023-05-12,90.05,90.65,89.97,90.61,2145122,GIS
2023-05-11,89.63,90.325,89.01,90.26,1822628,GIS
2023-05-10,89.55,89.94,88.76,89.57,2470850,GIS
2023-05-09,90.03,90.34,89.55,89.59,2191701,GIS
2023-05-08,89.43,90.38,89.14,89.87,2229382,GIS
2023-05-05,89.09,89.95,88.96,89.81,2541509,GIS
2023-05-04,88.91,89.45,88.3,89.4,2122995,GIS
2023-05-03,89.31,89.78,88.7,88.83,3693601,GIS
2023-05-02,89.39,89.4,88.14,89.0,3320193,GIS
2023-05-01,88.94,89.77,88.83,89.37,2146434,GIS
2023-04-28,88.79,89.39,88.29,88.63,2383463,GIS
2023-04-27,87.76,88.81,87.6,88.79,2203122,GIS
2023-04-26,87.84,88.25,87.61,87.88,2240840,GIS
2023-04-25,87.81,88.88,87.78,88.5,2473336,GIS
2023-04-24,87.47,87.9775,87.28,87.62,2123920,GIS
2023-04-21,88.0,88.24,87.28,87.45,1749465,GIS
2023-04-20,87.42,87.6,87.09,87.57,1833309,GIS
2023-04-19,87.85,87.92,86.83,87.13,2198586,GIS
2023-04-18,87.08,87.505,86.72,87.48,1902424,GIS
2023-04-17,87.05,87.34,86.61,87.09,1672794,GIS
2023-04-14,87.02,87.25,86.3,86.56,3491372,GIS
2023-04-13,86.72,87.1,86.43,86.95,2083381,GIS
2023-04-12,86.68,87.21,86.21,87.01,2492808,GIS
2023-06-12,22.22,22.24,21.9,22.1,2892335,WEN
2023-06-09,22.21,22.55,22.13,22.22,2531240,WEN
2023-06-08,22.12,22.38,22.06,22.21,1990343,WEN
2023-06-07,22.41,22.57,22.025,22.2,2086005,WEN
2023-06-06,22.38,22.46,22.01,22.34,1669307,WEN
2023-06-05,22.56,22.73,22.36,22.38,2286107,WEN
2023-06-02,22.7,22.91,22.5607,22.75,3040713,WEN
2023-06-01,22.03,22.75,22.01,22.63,3168136,WEN
2023-05-31,21.97,22.1,21.8,22.01,3185949,WEN
2023-05-30,22.14,22.36,22.14,22.23,2905612,WEN
2023-05-26,22.27,22.41,22.08,22.2,1636693,WEN
2023-05-25,22.28,22.44,22.0,22.22,2394803,WEN
2023-05-24,22.33,22.495,22.125,22.44,2696431,WEN
2023-05-23,22.6,22.6895,22.26,22.36,3565923,WEN
2023-05-22,23.42,23.425,22.6537,22.68,2667499,WEN
2023-05-19,23.86,23.89,23.33,23.4,2657645,WEN
2023-05-18,23.32,23.61,23.26,23.5,1864812,WEN
2023-05-17,23.51,23.695,23.355,23.42,3493499,WEN
2023-05-16,23.77,23.8,23.47,23.48,2676378,WEN
2023-05-15,23.45,23.84,23.42,23.83,3129624,WEN
2023-05-12,23.28,23.485,23.145,23.44,3211582,WEN
2023-05-11,23.2,23.23,22.5,23.22,4212640,WEN
2023-05-10,23.19,23.9,22.43,23.21,6417101,WEN
2023-05-09,22.88,23.17,22.765,22.97,5039243,WEN
2023-05-08,22.68,22.895,22.495,22.86,3084026,WEN
2023-05-05,22.12,22.69,22.07,22.63,2418506,WEN
2023-05-04,21.895,22.315,21.895,22.04,3699916,WEN
2023-05-03,22.09,22.21,21.835,21.89,1829449,WEN
2023-05-02,22.2,22.2,21.555,22.02,1950872,WEN
2023-05-01,22.14,22.285,22.11,22.18,2204533,WEN
2023-04-28,21.95,22.1,21.87,22.1,2321553,WEN
2023-04-27,21.9,22.125,21.88,22.04,2012370,WEN
2023-04-26,22.18,22.295,21.87,21.87,2558613,WEN
2023-04-25,22.47,22.5387,22.16,22.2,2978804,WEN
2023-04-24,22.63,22.7,22.335,22.56,2724807,WEN
2023-04-21,22.5,22.71,22.375,22.66,1999502,WEN
2023-04-20,22.08,22.45,22.07,22.44,2092086,WEN
2023-04-19,21.94,22.11,21.78,22.09,1971925,WEN
2023-04-18,22.12,22.15,21.87,21.98,1707342,WEN
2023-04-17,21.68,22.06,21.6,22.03,2849969,WEN
2023-04-14,21.58,21.87,21.45,21.51,2762982,WEN
2023-04-13,21.56,21.67,21.4,21.61,1955500,WEN
2023-04-12,22.0,22.0,21.54,21.56,1466312,WEN
2023-06-12,133.55,134.75,133.295,134.63,1369127,YUM
2023-06-09,133.34,134.02,132.95,133.44,1309844,YUM
2023-06-08,131.55,133.25,131.35,133.2,1630512,YUM
2023-06-07,132.46,133.13,131.47,132.44,1800974,YUM
2023-06-06,134.46,134.86,132.045,132.88,1604187,YUM
2023-06-05,134.54,135.19,133.75,134.17,1562686,YUM
2023-06-02,132.78,134.61,132.78,134.53,2054514,YUM
2023-06-01,128.38,132.72,127.99,132.25,3278107,YUM
2023-05-31,127.71,128.9,126.905,128.69,7288806,YUM
2023-05-30,129.27,130.045,127.36,127.79,1843142,YUM
2023-05-26,129.96,130.975,129.07,129.86,2145000,YUM
2023-05-25,130.69,131.2,129.1,130.26,2364357,YUM
2023-05-24,131.52,131.76,129.83,130.87,1352236,YUM
2023-05-23,134.8,134.8,131.28,131.45,1828261,YUM
2023-05-22,138.67,139.52,134.87,134.91,1644553,YUM
2023-05-19,138.52,139.22,138.08,138.28,1295382,YUM
2023-05-18,137.06,138.56,136.83,138.45,1435422,YUM
2023-05-17,139.17,139.35,136.94,137.22,1690641,YUM
2023-05-16,138.2,139.32,137.61,138.78,1572171,YUM
2023-05-15,138.9,138.9,137.55,137.78,896201,YUM
2023-05-12,137.3,138.71,137.29,138.51,1114720,YUM
2023-05-11,137.87,138.27,136.67,137.34,1144129,YUM
2023-05-10,137.69,138.3,136.44,137.74,1595245,YUM
2023-05-09,136.79,137.81,136.06,137.61,1094934,YUM
2023-05-08,137.45,137.675,136.42,136.53,981392,YUM
2023-05-05,136.46,137.79,136.04,137.49,1361645,YUM
2023-05-04,136.83,137.48,135.38,136.32,1555644,YUM
2023-05-03,139.75,141.205,136.39,137.31,3220283,YUM
2023-05-02,142.15,143.245,140.955,142.9,1692847,YUM
2023-05-01,140.58,142.525,140.58,142.23,1696353,YUM
2023-04-28,139.94,140.93,139.175,140.58,1555476,YUM
2023-04-27,138.58,139.93,138.16,139.8,1084996,YUM
2023-04-26,137.41,138.52,137.03,138.01,1442472,YUM
2023-04-25,139.0,139.0,137.35,137.81,1207236,YUM
2023-04-24,138.73,138.95,138.31,138.9,1498794,YUM
2023-04-21,138.34,138.53,137.06,138.33,1324941,YUM
2023-04-20,137.31,137.8699,136.63,137.5,1082433,YUM
2023-04-19,137.72,138.08,136.56,137.12,1623874,YUM
2023-04-18,137.19,137.61,136.69,137.58,1980399,YUM
2023-04-17,135.4,137.14,134.98,137.1,2184753,YUM
2023-04-14,134.81,135.35,134.08,134.88,1270374,YUM
2023-04-13,132.65,134.705,132.01,134.66,1732592,YUM
2023-04-12,131.67,132.77,131.455,131.98,1231140,YUM
2023-06-12,280.31,283.02,277.99,281.29,125228,VMI
2023-06-09,279.68,279.98,276.57,277.56,100495,VMI
2023-06-08,280.89,282.33,279.17,280.9,79463,VMI
2023-06-07,278.92,283.305,278.32,281.71,131542,VMI
2023-06-06,271.18,281.865,271.18,278.82,80822,VMI
2023-06-05,277.54,277.54,269.74,272.36,140400,VMI
2023-06-02,267.48,279.13,263.33,279.04,184366,VMI
2023-06-01,262.9,266.84,260.98,263.82,234759,VMI
2023-05-31,268.86,269.255,261.68,262.27,319479,VMI
2023-05-30,277.88,278.66,270.36,271.44,81878,VMI
2023-05-26,278.29,280.585,276.37,278.55,142807,VMI
2023-05-25,270.37,278.7,269.48,277.58,225600,VMI
2023-05-24,276.68,276.68,268.59,270.95,143016,VMI
2023-05-23,282.97,283.53,276.94,277.23,136343,VMI
2023-05-22,284.95,288.75,284.01,284.23,129228,VMI
2023-05-19,290.88,291.335,284.71,284.72,85918,VMI
2023-05-18,287.83,290.525,284.5,287.67,74504,VMI
2023-05-17,284.97,289.31,284.9,287.75,92063,VMI
2023-05-16,290.24,290.73,283.4,283.47,102547,VMI
2023-05-15,286.12,292.35,284.49,290.92,144457,VMI
2023-05-12,285.1,288.475,284.2,286.34,87123,VMI
2023-05-11,285.16,289.37,281.905,283.38,114091,VMI
2023-05-10,289.47,289.61,282.13,288.47,137168,VMI
2023-05-09,283.76,289.445,283.08,285.62,78037,VMI
2023-05-08,291.73,291.73,285.3,285.55,57689,VMI
2023-05-05,286.31,294.27,286.31,290.04,76532,VMI
2023-05-04,291.9,293.45,283.71,283.72,93072,VMI
2023-05-03,289.61,296.085,289.59,292.01,177233,VMI
2023-05-02,290.24,290.24,285.9,288.27,137272,VMI
2023-05-01,290.27,293.99,290.01,292.0,75433,VMI
2023-04-28,291.1,294.45,288.86,290.56,81103,VMI
2023-04-27,288.92,292.35,288.7195,292.32,84887,VMI
2023-04-26,289.5,291.72,288.15,288.45,80052,VMI
2023-04-25,298.3,298.63,292.41,292.43,113949,VMI
2023-04-24,305.85,306.92,297.0,300.86,148832,VMI
2023-04-21,311.79,315.88,303.6,304.44,329834,VMI
2023-04-20,294.35,301.73,293.17,301.73,262158,VMI
2023-04-19,297.96,298.99,293.8,294.62,202169,VMI
2023-04-18,301.32,303.555,299.005,299.33,144653,VMI
2023-04-17,305.06,306.53,300.02,300.91,96086,VMI
2023-04-14,303.49,309.4099,301.1,303.03,110039,VMI
2023-04-13,300.71,303.99,296.57,302.53,114412,VMI
2023-04-12,299.39,300.52,294.54,299.64,114905,VMI
2023-06-12,288.16,288.75,286.5,288.57,1885237,MCD
2023-06-09,285.52,287.2757,284.74,286.79,1976684,MCD
2023-06-08,280.97,286.06,280.0,285.78,3043997,MCD
2023-06-07,284.45,284.7399,281.31,281.9,3614835,MCD
2023-06-06,289.86,290.23,281.98,284.54,2771493,MCD
2023-06-05,290.0,290.5,288.03,288.43,1974537,MCD
2023-06-02,286.7,290.2,286.14,289.91,2869403,MCD
2023-06-01,284.92,288.0399,283.6,287.87,2605265,MCD
2023-05-31,284.88,285.695,283.35,285.11,2858895,MCD
2023-05-30,283.93,286.345,283.675,284.92,3385240,MCD
2023-05-26,285.68,288.75,285.68,286.04,2148422,MCD
2023-05-25,286.79,286.9065,284.71,285.52,2748258,MCD
2023-05-24,286.45,287.115,284.58,285.92,2262065,MCD
2023-05-23,288.15,288.5,285.44,286.37,2943889,MCD
2023-05-22,295.55,296.64,289.14,289.35,2514744,MCD
2023-05-19,293.84,296.0,292.4732,295.55,2371249,MCD
2023-05-18,293.25,294.43,291.13,294.05,2410912,MCD
2023-05-17,295.52,295.52,292.65,293.46,2802296,MCD
2023-05-16,295.94,296.19,293.98,294.15,2859744,MCD
2023-05-15,295.77,296.64,294.66,295.9,1700450,MCD
2023-05-12,295.19,296.43,294.31,296.14,1801866,MCD
2023-05-11,296.5,296.94,293.36,294.79,1955152,MCD
2023-05-10,296.38,298.0,293.8401,296.57,1849297,MCD
2023-05-09,298.63,298.86,296.3,296.66,1637587,MCD
2023-05-08,297.1,297.37,295.57,296.69,2969801,MCD
2023-05-05,295.77,297.02,294.4625,296.6,1815841,MCD
2023-05-04,296.06,296.31,293.47,295.16,2005472,MCD
2023-05-03,296.76,297.2562,294.65,295.22,2425452,MCD
2023-05-02,297.37,298.46,295.58,298.07,2083769,MCD
2023-05-01,295.72,298.8,295.65,297.58,2124401,MCD
2023-04-28,294.83,296.18,293.91,295.75,2838198,MCD
2023-04-27,290.72,295.0499,290.0,294.72,3142286,MCD
2023-04-26,289.98,291.5,289.76,289.76,3228410,MCD
2023-04-25,295.0,295.0,289.43,291.51,5845217,MCD
2023-04-24,292.83,293.43,291.7101,293.2,2995244,MCD
2023-04-21,292.32,292.53,290.51,292.06,2171180,MCD
2023-04-20,290.96,291.67,289.88,291.0,2274152,MCD
2023-04-19,290.91,291.6,290.19,291.27,2254075,MCD
2023-04-18,289.4,291.19,289.0,290.91,2086719,MCD
2023-04-17,289.84,290.51,288.18,289.31,2368778,MCD
2023-04-14,289.29,289.94,287.62,288.98,2054679,MCD
2023-04-13,286.57,289.5399,286.11,289.07,3229280,MCD
2023-04-12,283.85,286.79,283.5,285.3,2557446,MCD
2023-06-12,131.96,133.94,131.74,133.77,1084361,SAP
2023-06-09,132.95,133.6,132.05,132.72,499275,SAP
2023-06-08,132.01,133.29,131.96,133.21,417128,SAP
2023-06-07,132.75,133.26,131.48,131.7,805188,SAP
2023-06-06,132.16,132.24,131.52,131.84,551921,SAP
2023-06-05,132.3,132.33,131.26,131.5,515100,SAP
2023-06-02,133.26,133.53,132.51,132.97,532516,SAP
2023-06-01,131.15,132.37,130.62,132.17,783437,SAP
2023-05-31,130.48,130.87,129.15,130.44,1316105,SAP
2023-05-30,131.91,132.07,130.12,130.24,729130,SAP
2023-05-26,130.13,131.63,130.04,131.41,832101,SAP
2023-05-25,129.8,129.825,128.84,129.44,1352206,SAP
2023-05-24,129.63,129.63,128.77,129.21,717260,SAP
2023-05-23,132.53,132.81,129.71,129.83,1170754,SAP
2023-05-22,133.47,133.93,133.265,133.29,693541,SAP
2023-05-19,134.58,135.12,134.28,134.28,696744,SAP
2023-05-18,133.4,134.15,133.11,133.9,954724,SAP
2023-05-17,133.4,133.58,131.64,132.62,995657,SAP
2023-05-16,131.32,133.89,131.21,133.16,2325289,SAP
2023-05-15,130.36,134.05,130.1,131.3,1864721,SAP
2023-05-12,131.79,132.0166,131.29,131.58,655466,SAP
2023-05-11,134.07,134.13,132.81,133.69,756944,SAP
2023-05-10,134.84,135.41,133.85,134.83,733645,SAP
2023-05-09,133.96,135.1018,133.84,134.68,674757,SAP
2023-05-08,136.06,136.2,135.22,135.78,718470,SAP
2023-05-05,134.13,135.0,134.0,134.76,623760,SAP
2023-05-04,133.86,134.64,133.435,134.09,692458,SAP
2023-05-03,136.08,137.32,135.28,135.78,1414814,SAP
2023-05-02,133.61,134.5,133.49,134.36,867613,SAP
2023-05-01,135.57,135.57,134.44,134.48,467224,SAP
2023-04-28,135.34,135.71,134.83,135.27,746813,SAP
2023-04-27,135.79,136.85,135.01,136.65,967528,SAP
2023-04-26,135.61,135.61,133.12,133.35,1345728,SAP
2023-04-25,134.46,135.67,133.41,133.43,1427161,SAP
2023-04-24,132.89,133.74,131.9213,132.54,1406605,SAP
2023-04-21,132.13,134.64,131.8,133.95,2742855,SAP
2023-04-20,126.93,127.72,126.4,126.86,1512413,SAP
2023-04-19,127.67,127.77,127.06,127.3,1512202,SAP
2023-04-18,128.13,128.3,127.35,127.64,1417059,SAP
2023-04-17,127.75,127.95,126.67,127.2,1364415,SAP
2023-04-14,127.72,128.17,126.7,127.42,980031,SAP
2023-04-13,127.06,128.49,127.06,128.05,1132137,SAP
2023-04-12,127.59,128.115,126.79,127.11,1318428,SAP
2023-06-12,299.41,302.29,297.05,301.86,530125,DPZ
2023-06-09,299.75,300.7934,296.505,298.07,377340,DPZ
2023-06-08,296.73,301.952,294.65,299.9,460145,DPZ
2023-06-07,299.03,299.99,294.94,297.56,407961,DPZ
2023-06-06,297.0,299.29,291.28,297.74,510590,DPZ
2023-06-05,302.52,302.53,297.79,297.83,455500,DPZ
2023-06-02,298.28,303.56,298.28,303.19,626165,DPZ
2023-06-01,296.0,300.06,292.88,296.67,770944,DPZ
2023-05-31,291.35,292.91,285.84,289.85,1019407,DPZ
2023-05-30,299.27,300.81,291.13,291.39,844690,DPZ
2023-05-26,304.06,307.22,299.27,299.83,679073,DPZ
2023-05-25,306.73,308.715,303.77,304.5,458105,DPZ
2023-05-24,304.19,308.52,301.41,306.8,495682,DPZ
2023-05-23,308.28,308.82,303.41,304.29,487771,DPZ
2023-05-22,313.21,315.84,308.38,308.91,439728,DPZ
2023-05-19,313.6,313.6,308.97,312.46,584920,DPZ
2023-05-18,305.44,311.97,304.33,311.36,564496,DPZ
2023-05-17,302.56,306.25,300.67,305.05,698311,DPZ
2023-05-16,306.96,306.96,300.59,301.85,582373,DPZ
2023-05-15,307.5,308.91,305.495,307.85,399160,DPZ
2023-05-12,307.36,309.0145,306.15,307.58,309399,DPZ
2023-05-11,306.86,308.885,305.0,306.93,462844,DPZ
2023-05-10,309.63,310.64,304.32,306.89,399496,DPZ
2023-05-09,308.8,310.1595,306.755,308.64,432459,DPZ
2023-05-08,311.11,314.23,308.85,308.94,458718,DPZ
2023-05-05,312.71,315.32,310.78,311.11,494262,DPZ
2023-05-04,312.66,315.99,310.215,311.41,459307,DPZ
2023-05-03,310.71,318.04,309.99,314.86,586231,DPZ
2023-05-02,310.37,313.385,307.54,311.59,781438,DPZ
2023-05-01,316.52,318.17,310.5,311.25,1155680,DPZ
2023-04-28,318.33,320.3799,314.3501,317.47,916814,DPZ
2023-04-27,350.2,353.95,315.115,317.14,2113781,DPZ
2023-04-26,328.6,339.57,328.53,339.03,1023829,DPZ
2023-04-25,330.86,331.5,327.38,329.63,728604,DPZ
2023-04-24,332.06,332.49,326.59,330.27,636312,DPZ
2023-04-21,325.99,330.56,323.48,330.52,707421,DPZ
2023-04-20,324.97,325.71,321.81,322.9,488862,DPZ
2023-04-19,326.79,328.015,323.7,325.66,520516,DPZ
2023-04-18,330.77,332.18,325.64,326.7,552374,DPZ
2023-04-17,332.33,334.015,328.65,329.9,648258,DPZ
2023-04-14,332.0,335.915,330.09,330.38,510413,DPZ
2023-04-13,327.11,333.32,326.73,332.6,538840,DPZ
2023-04-12,332.85,333.565,326.24,326.44,589106,DPZ
2023-06-12,181.99,183.02,180.705,181.37,37538,ALG
2023-06-09,183.17,183.17,179.77,181.3,43004,ALG
2023-06-08,184.18,184.86,182.19,183.55,43050,ALG
2023-06-07,181.74,184.57,179.59,183.54,75824,ALG
2023-06-06,171.38,181.78,171.38,179.58,57766,ALG
2023-06-05,176.48,176.48,169.26,171.04,105900,ALG
2023-06-02,170.27,179.27,170.27,178.57,56245,ALG
2023-06-01,166.89,169.62,166.42,167.37,84952,ALG
2023-05-31,168.86,169.655,166.18,166.46,62979,ALG
2023-05-30,174.01,174.01,168.27,169.08,50963,ALG
2023-05-26,173.41,173.8399,171.43,172.86,60005,ALG
2023-05-25,174.33,175.47,171.82,173.71,35001,ALG
2023-05-24,177.99,178.62,175.14,175.17,28422,ALG
2023-05-23,179.19,180.36,178.25,178.91,44970,ALG
2023-05-22,178.88,182.21,178.1024,180.5,39741,ALG
2023-05-19,182.51,183.4,176.77,177.94,49070,ALG
2023-05-18,178.69,180.56,178.115,180.16,38968,ALG
2023-05-17,176.91,180.34,175.7201,179.3,50181,ALG
2023-05-16,176.32,177.3799,175.04,175.9,34591,ALG
2023-05-15,178.07,178.8389,176.4,176.92,38248,ALG
2023-05-12,179.23,179.79,176.69,178.07,32334,ALG
2023-05-11,179.53,179.9741,177.065,177.95,28428,ALG
2023-05-10,182.8,182.8,178.79,181.45,33450,ALG
2023-05-09,181.78,182.06,179.92,180.39,36281,ALG
2023-05-08,182.38,182.71,179.34,181.94,38440,ALG
2023-05-05,177.96,180.95,175.0,179.29,64782,ALG
2023-05-04,175.65,176.15,172.725,174.15,49243,ALG
2023-05-03,178.4,181.36,177.29,177.37,52159,ALG
2023-05-02,177.1,180.0,176.12,178.57,56722,ALG
2023-05-01,176.8,181.85,176.8,179.02,31487,ALG
2023-04-28,177.42,180.43,176.37,176.73,66523,ALG
2023-04-27,175.74,178.97,175.3,178.8,63944,ALG
2023-04-26,175.74,176.71,174.02,175.62,45373,ALG
2023-04-25,180.64,181.5,177.5,177.61,61447,ALG
2023-04-24,179.97,182.32,179.97,182.09,48291,ALG
2023-04-21,180.78,180.8,178.4,180.28,57911,ALG
2023-04-20,176.8,180.9,176.0319,180.86,67573,ALG
2023-04-19,179.73,179.73,175.69,177.34,63104,ALG
2023-04-18,177.27,179.3,176.28,179.29,39138,ALG
2023-04-17,176.69,177.97,176.17,177.15,42580,ALG
2023-04-14,176.22,178.64,176.17,176.57,41679,ALG
2023-04-13,177.36,177.36,174.65,176.63,27764,ALG
2023-04-12,174.51,176.97,174.51,176.08,36794,ALG
